post_id,influencer_id,platform,date,url,caption,reach,likes,comments
POST0001,INF001,Instagram,2025-07-22 12:01:24,https://instagram.com/brijeshvasa/post/1,Cumque ab laborum tenetur neque dolorem atque dicta fugit consequatur reiciendis facere laboriosam asperiores adipisci cum molestias dolores fuga facere distinctio possimus id.,4733,274,20
POST0002,INF001,Instagram,2025-06-15 16:05:20,https://instagram.com/brijeshvasa/post/2,Dolores ab repellat incidunt doloribus cum architecto nesciunt assumenda neque eum aspernatur sequi ex consequuntur voluptatem debitis quia quia.,13705,289,21
POST0003,INF001,Instagram,2025-07-19 21:38:54,https://instagram.com/brijeshvasa/post/3,Qui quae reprehenderit velit earum cumque iusto porro enim deleniti iure ipsa esse tempore maxime exercitationem dolores quis reprehenderit impedit adipisci unde autem laborum magnam.,11207,790,67
POST0004,INF002,Twitter,2025-03-26 00:14:04,https://twitter.com/vanyapadmanabhan/post/4,Voluptatum quam reprehenderit dolorum illo eveniet quo earum excepturi quos ipsa magni blanditiis neque soluta dignissimos fugiat nobis ut dignissimos.,22607,495,26
POST0005,INF002,Twitter,2025-05-14 09:59:54,https://twitter.com/vanyapadmanabhan/post/5,Corrupti quam voluptatem nostrum asperiores ipsam nisi quisquam facilis quae omnis qui dolorem saepe corrupti nemo tempore accusamus praesentium.,49202,1474,69
POST0006,INF002,Twitter,2025-03-25 09:35:35,https://twitter.com/vanyapadmanabhan/post/6,Sit repellendus quisquam id quas harum accusamus vitae libero architecto delectus delectus dolorum ea odio quibusdam aperiam natus corporis harum nam minus perspiciatis debitis officia suscipit quo.,34159,4555,352
POST0007,INF002,Twitter,2025-03-19 05:18:48,https://twitter.com/vanyapadmanabhan/post/7,Ad illo vitae sunt expedita quaerat rem accusantium ea nobis consequuntur quibusdam cumque.,66131,9760,946
POST0008,INF002,Twitter,2025-06-21 09:12:58,https://twitter.com/vanyapadmanabhan/post/8,Esse eum vitae dolores ipsum recusandae numquam eaque ratione rem sit nesciunt eum officiis occaecati non sapiente doloribus assumenda odit vero facilis corporis quia a.,19461,567,26
POST0009,INF002,Twitter,2025-05-14 00:04:16,https://twitter.com/vanyapadmanabhan/post/9,Veritatis ducimus eius nobis alias placeat labore molestias ullam tempore blanditiis exercitationem impedit atque doloribus impedit optio libero quaerat repellat fugit rem.,87608,7347,392
POST0010,INF003,Instagram,2025-04-06 03:28:03,https://instagram.com/odikaganguly/post/10,Minima enim nam vel officia impedit earum sunt vero blanditiis enim saepe molestias sit omnis perferendis cum dicta.,78765,6310,389
POST0011,INF003,Instagram,2025-03-22 22:07:08,https://instagram.com/odikaganguly/post/11,Rem voluptatibus qui repudiandae suscipit cumque cumque odio velit assumenda amet in odit mollitia sequi doloribus hic rerum ab molestiae nihil quis sequi totam reiciendis.,104178,12464,964
POST0012,INF003,Instagram,2025-05-08 11:07:08,https://instagram.com/odikaganguly/post/12,Eveniet eos ratione sequi accusantium corporis libero minus culpa culpa enim laboriosam sint in magnam cupiditate eligendi aliquam illo itaque praesentium repellat.,30077,884,82
POST0013,INF004,Twitter,2025-02-10 09:00:09,https://twitter.com/widishashankar/post/13,Perspiciatis dolores dolor animi amet reprehenderit pariatur delectus alias nihil nisi odit commodi mollitia saepe rem est vero quia minus quod dolorum repellat animi.,56797,3790,77
POST0014,INF004,Twitter,2025-05-20 08:14:34,https://twitter.com/widishashankar/post/14,Recusandae ea delectus vel sit earum labore dignissimos eos aperiam sequi qui.,22337,1265,94
POST0015,INF004,Twitter,2025-06-14 19:37:37,https://twitter.com/widishashankar/post/15,Quaerat minima nobis recusandae hic illum reprehenderit ullam omnis aspernatur voluptatem aliquam sapiente voluptates repellat.,51571,7574,173
POST0016,INF004,Twitter,2025-05-18 14:53:02,https://twitter.com/widishashankar/post/16,Voluptas impedit nostrum vel magnam vero cupiditate nobis ex unde nobis est iusto voluptatem non necessitatibus pariatur sed nihil fugit.,70070,6389,75
POST0017,INF004,Twitter,2025-07-11 18:37:11,https://twitter.com/widishashankar/post/17,Nisi aliquid quae praesentium officia qui rem possimus libero neque veritatis et exercitationem recusandae expedita perspiciatis impedit accusamus nisi.,58092,4122,258
POST0018,INF004,Twitter,2025-02-24 03:04:10,https://twitter.com/widishashankar/post/18,Distinctio sapiente error totam sunt sequi voluptatem debitis repudiandae voluptas consequatur architecto vel reiciendis eos vel illum ex explicabo aliquid et laborum numquam corrupti id quisquam doloribus quis.,27964,3982,234
POST0019,INF004,Twitter,2025-05-26 00:51:01,https://twitter.com/widishashankar/post/19,Vitae quibusdam in laboriosam quo animi cum molestiae possimus eos soluta corporis aliquam dolore porro earum totam vero quo.,70996,2642,262
POST0020,INF004,Twitter,2025-02-12 22:48:10,https://twitter.com/widishashankar/post/20,Quae accusantium vel iusto temporibus minus occaecati omnis tenetur facilis eligendi optio autem reiciendis minima ad impedit in recusandae nihil.,64906,8952,775
POST0021,INF005,Instagram,2025-04-24 08:13:25,https://instagram.com/mahikakhatri/post/21,Ex tempora incidunt alias veritatis maiores fuga voluptate deleniti nemo quia odit quas nesciunt eveniet molestias eos sed tempore incidunt perferendis sunt.,49486,7279,484
POST0022,INF005,Instagram,2025-04-07 03:24:44,https://instagram.com/mahikakhatri/post/22,Optio magni numquam repellat fuga tempore nobis modi quia alias ex natus non voluptate architecto quibusdam quo.,134886,15695,1246
POST0023,INF005,Instagram,2025-03-26 15:55:31,https://instagram.com/mahikakhatri/post/23,Fugit error labore nihil pariatur voluptas adipisci iste reprehenderit esse earum nostrum consequuntur consectetur autem cum accusantium doloremque sapiente officiis enim.,67679,1804,138
POST0024,INF005,Instagram,2025-02-27 10:59:24,https://instagram.com/mahikakhatri/post/24,Nobis saepe ea natus consequatur quaerat cumque accusamus delectus ducimus illum debitis sequi recusandae ipsa sunt labore voluptate repellat.,22577,3071,172
POST0025,INF005,Instagram,2025-02-18 09:14:46,https://instagram.com/mahikakhatri/post/25,Magnam debitis ut dolore eum recusandae explicabo consequuntur autem ab repudiandae sequi eos quas qui ipsam cupiditate hic excepturi dolorem adipisci reiciendis dignissimos.,46756,3195,43
POST0026,INF006,Instagram,2025-01-29 04:02:20,https://instagram.com/aarinidevi/post/26,Expedita non quo optio quos voluptatum exercitationem doloribus aliquid quo deserunt sint fugit cupiditate aliquam repudiandae occaecati.,225961,29593,1497
POST0027,INF006,Instagram,2025-03-23 10:45:17,https://instagram.com/aarinidevi/post/27,Cumque ipsam debitis libero repellendus quam dicta nesciunt autem assumenda accusantium ducimus consequatur neque tenetur voluptatibus quam magni corporis quae voluptas quia nihil.,166561,10846,818
POST0028,INF006,Instagram,2025-05-20 11:31:21,https://instagram.com/aarinidevi/post/28,Cumque modi animi repellat provident quaerat amet dicta esse tempore et cum reprehenderit reiciendis.,87449,8924,750
POST0029,INF006,Instagram,2025-01-28 20:28:36,https://instagram.com/aarinidevi/post/29,Asperiores hic maiores tempora quia animi blanditiis ducimus similique eum voluptatibus hic beatae quae molestiae molestiae doloribus iste dicta quasi.,91972,9138,766
POST0030,INF006,Instagram,2025-02-06 16:04:20,https://instagram.com/aarinidevi/post/30,Maxime corrupti culpa necessitatibus maiores nam aperiam nostrum perspiciatis porro nemo quam unde fugit eos.,174693,24874,1713
POST0031,INF006,Instagram,2025-06-07 19:06:08,https://instagram.com/aarinidevi/post/31,Ipsa ducimus ratione accusantium sed commodi eum temporibus recusandae vero earum aliquam corporis sed veniam quia laboriosam ab.,156252,9253,175
POST0032,INF006,Instagram,2025-05-15 18:29:45,https://instagram.com/aarinidevi/post/32,Deleniti ipsum amet aspernatur modi debitis officiis incidunt dolor nostrum beatae aperiam et corrupti similique est tempora provident quas consequatur consequatur incidunt optio fugit hic quia adipisci.,142129,8037,303
POST0033,INF007,Twitter,2025-07-14 15:58:59,https://twitter.com/madhavisodhi/post/33,Molestiae placeat quasi vel enim in officia distinctio dolorem eius molestias delectus corrupti debitis corporis mollitia mollitia velit repellat porro suscipit.,50429,5541,244
POST0034,INF007,Twitter,2025-01-24 19:54:42,https://twitter.com/madhavisodhi/post/34,Consectetur dolorum fugiat voluptas voluptatibus dolore architecto placeat voluptatum vel magnam rerum.,24186,3202,248
POST0035,INF007,Twitter,2025-05-31 04:17:30,https://twitter.com/madhavisodhi/post/35,Qui sapiente optio quae voluptatem est aperiam quae ut sapiente porro recusandae doloribus accusantium reprehenderit quam quam corrupti facilis.,48290,3479,248
POST0036,INF007,Twitter,2025-06-13 19:23:52,https://twitter.com/madhavisodhi/post/36,Fugiat numquam rem blanditiis excepturi tenetur vel eos quis ex iusto fugit consectetur magni vitae possimus reiciendis totam quisquam labore minus eligendi sapiente eius.,54522,5833,574
POST0037,INF007,Twitter,2025-03-20 23:27:27,https://twitter.com/madhavisodhi/post/37,Consectetur alias tenetur occaecati aliquam tempora ducimus dicta quidem non harum ullam nesciunt reiciendis ipsum tempore dolores et aspernatur a veniam omnis molestiae dolores.,31843,3090,99
POST0038,INF008,YouTube,2025-03-15 06:59:18,https://youtube.com/kiaandugar/post/38,Soluta expedita corrupti facere vitae blanditiis quia quidem vero in blanditiis iste deleniti sapiente alias occaecati quidem nam.,34924,5117,236
POST0039,INF008,YouTube,2025-03-18 01:10:55,https://youtube.com/kiaandugar/post/39,At harum quisquam dicta excepturi optio eaque dolor accusantium corrupti ex dicta distinctio possimus ea laboriosam tempore maiores fugiat eius consequatur omnis vero corrupti maxime libero.,64058,1714,79
POST0040,INF008,YouTube,2025-07-23 06:22:27,https://youtube.com/kiaandugar/post/40,Excepturi cum ipsam eligendi in deleniti explicabo occaecati temporibus officia quisquam nesciunt pariatur debitis mollitia doloribus porro eius provident pariatur facilis.,61930,7774,90
POST0041,INF008,YouTube,2025-05-25 12:02:43,https://youtube.com/kiaandugar/post/41,Voluptatum tenetur perspiciatis quod velit at sunt incidunt corporis ipsam inventore maxime iusto eum ab asperiores repellat porro tenetur ut blanditiis in alias.,125551,9101,323
POST0042,INF008,YouTube,2025-02-12 03:23:10,https://youtube.com/kiaandugar/post/42,Assumenda molestias eum voluptatibus occaecati quisquam eos nam nobis doloribus laboriosam ab excepturi nisi laborum molestias dignissimos cupiditate officiis.,50824,7427,322
POST0043,INF008,YouTube,2025-04-20 06:18:11,https://youtube.com/kiaandugar/post/43,Necessitatibus deserunt corrupti sint magnam rem sit harum beatae placeat maiores rem rerum inventore doloribus iure reprehenderit eos eum.,23181,2425,228
POST0044,INF008,YouTube,2025-06-12 06:28:53,https://youtube.com/kiaandugar/post/44,Iusto ab distinctio perspiciatis animi possimus rerum tempore praesentium nemo doloremque quod distinctio magni sapiente quae.,111617,13907,791
POST0045,INF009,Instagram,2025-02-02 23:05:40,https://instagram.com/frederickwarrior/post/45,Ipsam nam maiores saepe consectetur odio saepe iusto iure magnam expedita mollitia soluta atque omnis error sunt rerum tenetur rem quia nulla in id commodi rem ut.,16414,1714,164
POST0046,INF009,Instagram,2025-01-31 06:16:20,https://instagram.com/frederickwarrior/post/46,Molestiae quisquam aspernatur cupiditate voluptatibus voluptate illum nostrum excepturi officiis excepturi sed voluptatibus.,13792,1148,59
POST0047,INF009,Instagram,2025-04-22 02:15:45,https://instagram.com/frederickwarrior/post/47,Rerum impedit earum molestias rem delectus occaecati quisquam qui harum iste voluptas repudiandae fugiat nihil.,7162,394,30
POST0048,INF009,Instagram,2025-02-25 18:41:58,https://instagram.com/frederickwarrior/post/48,Labore totam laudantium adipisci amet minus labore aliquam amet est nam earum praesentium labore unde accusantium assumenda ipsum facilis et enim optio asperiores qui dignissimos.,12840,391,30
POST0049,INF009,Instagram,2025-03-15 08:40:37,https://instagram.com/frederickwarrior/post/49,Fuga incidunt doloremque repellendus eligendi voluptatum aperiam enim explicabo amet illo porro.,5761,607,59
POST0050,INF010,Twitter,2025-06-05 12:18:12,https://twitter.com/logangarg/post/50,Sint est dicta aut perspiciatis illo inventore occaecati velit dicta blanditiis rerum ipsa repudiandae similique quia ullam consectetur quibusdam.,63685,2476,174
POST0051,INF010,Twitter,2025-02-03 11:22:39,https://twitter.com/logangarg/post/51,Impedit suscipit ipsa iste numquam magnam pariatur perferendis modi esse quas voluptatem iure reiciendis alias velit nulla magni repudiandae corrupti cum adipisci.,28174,3054,47
POST0052,INF010,Twitter,2025-06-21 13:43:44,https://twitter.com/logangarg/post/52,Rerum suscipit possimus vel quia minima optio blanditiis sint consectetur mollitia perspiciatis tempora voluptatem commodi libero accusantium voluptate.,60197,5787,243
POST0053,INF010,Twitter,2025-05-17 02:33:46,https://twitter.com/logangarg/post/53,Neque ipsam magnam iusto tempora fugiat earum nulla animi nulla a architecto id laboriosam ipsa neque sequi laboriosam minima ex reprehenderit laborum corporis sint.,47189,6395,356
POST0054,INF011,Instagram,2025-03-07 18:27:18,https://instagram.com/meeraseshadri/post/54,Sunt ullam dignissimos pariatur quos amet voluptatem natus aliquid distinctio qui at totam doloremque.,188950,14411,982
POST0055,INF011,Instagram,2025-01-27 07:31:41,https://instagram.com/meeraseshadri/post/55,Eum aliquid quidem necessitatibus ullam corrupti error repudiandae molestias suscipit nulla consectetur ad illum illo aperiam sint ipsam iusto necessitatibus iusto reiciendis maxime nisi earum laborum.,213583,28266,1985
POST0056,INF011,Instagram,2025-02-09 09:36:42,https://instagram.com/meeraseshadri/post/56,Eius labore exercitationem occaecati laborum earum culpa molestiae neque neque nobis hic dolorum ut aspernatur ex voluptates tenetur ipsum quidem ex ex iste.,154089,15267,657
POST0057,INF011,Instagram,2025-03-28 23:53:54,https://instagram.com/meeraseshadri/post/57,Nobis fugit quasi animi ex similique laboriosam nobis quibusdam nesciunt dicta repudiandae dolores ipsa nostrum explicabo labore natus.,109865,7317,462
POST0058,INF011,Instagram,2025-02-18 11:45:22,https://instagram.com/meeraseshadri/post/58,Provident deleniti sapiente fuga dolorem sed aperiam maiores eligendi natus illum officia dolorum aspernatur natus doloremque perferendis fugiat.,173187,10458,1009
POST0059,INF011,Instagram,2025-06-05 17:58:07,https://instagram.com/meeraseshadri/post/59,Ullam officia ipsum sapiente eius incidunt quo quos quae dolorum fuga voluptate veniam odit doloribus non beatae ipsum placeat magnam non velit enim ullam consequuntur.,90624,6880,518
POST0060,INF011,Instagram,2025-06-11 22:32:47,https://instagram.com/meeraseshadri/post/60,Labore molestias possimus optio cumque ducimus at eos quaerat consectetur sint delectus itaque esse iste dignissimos eaque iure eveniet iusto.,193381,12973,590
POST0061,INF012,YouTube,2025-03-10 03:41:20,https://youtube.com/ishanvibandi/post/61,Reiciendis sapiente harum voluptatibus aspernatur temporibus in deserunt sit accusantium neque fugit explicabo eveniet magni voluptate nostrum neque non.,78647,7056,659
POST0062,INF012,YouTube,2025-05-11 08:24:40,https://youtube.com/ishanvibandi/post/62,Cumque ex quae laboriosam ipsam voluptate deleniti perspiciatis adipisci cumque est reprehenderit ipsa magnam rerum commodi consequatur nihil eius asperiores.,44445,3126,217
POST0063,INF012,YouTube,2025-01-28 10:39:43,https://youtube.com/ishanvibandi/post/63,Ipsa mollitia nulla amet numquam neque sapiente dolorum hic tempora tempora dolor tempora voluptate eveniet sit cupiditate quidem debitis ea.,107849,4958,437
POST0064,INF013,Twitter,2025-02-01 04:58:27,https://twitter.com/abeerkumer/post/64,Repellat necessitatibus aperiam cumque earum eligendi ad debitis dicta delectus eveniet rem voluptas in dolorem incidunt dolore necessitatibus pariatur quasi.,89126,12188,1147
POST0065,INF013,Twitter,2025-06-06 11:27:21,https://twitter.com/abeerkumer/post/65,Libero blanditiis natus quasi pariatur libero unde dolore eligendi veritatis pariatur culpa.,38617,4384,167
POST0066,INF013,Twitter,2025-07-04 07:42:55,https://twitter.com/abeerkumer/post/66,Voluptatibus reprehenderit pariatur accusamus impedit ipsum placeat fuga tempore officia a voluptatem laborum dignissimos autem.,78578,7367,114
POST0067,INF013,Twitter,2025-04-24 21:02:42,https://twitter.com/abeerkumer/post/67,Quod magnam porro dicta illo ipsa error accusantium cumque laboriosam unde iure minus nisi ex nisi earum itaque quas unde corrupti.,81058,10927,732
POST0068,INF013,Twitter,2025-03-14 22:36:27,https://twitter.com/abeerkumer/post/68,Qui qui possimus facere ullam laboriosam officiis quisquam suscipit illum porro quis odit soluta corporis odio vero atque aliquam hic delectus totam iste laboriosam tenetur.,86369,5755,209
POST0069,INF013,Twitter,2025-04-19 10:49:26,https://twitter.com/abeerkumer/post/69,Tempora atque expedita aperiam aspernatur maxime aspernatur harum odio sint laudantium nihil aperiam cum beatae minus nulla.,40363,2197,194
POST0070,INF013,Twitter,2025-02-21 09:00:59,https://twitter.com/abeerkumer/post/70,Modi tempora quisquam corporis soluta exercitationem quas repellendus quidem laborum praesentium id omnis hic unde excepturi voluptates voluptas neque cupiditate nisi id incidunt assumenda.,81345,4267,390
POST0071,INF013,Twitter,2025-04-17 07:33:36,https://twitter.com/abeerkumer/post/71,Asperiores magnam aliquid in iste accusantium necessitatibus dolorem at iure sint quos necessitatibus earum ipsum cupiditate.,131485,13622,1003
POST0072,INF014,Twitter,2025-02-16 17:21:24,https://twitter.com/finnbali/post/72,Nihil illo ab cupiditate assumenda tempore distinctio eveniet tempora consequatur et quis perspiciatis quas corrupti saepe occaecati ab qui ut consequatur fugit mollitia quaerat in non.,154695,21735,1610
POST0073,INF014,Twitter,2025-03-25 17:39:48,https://twitter.com/finnbali/post/73,Perspiciatis voluptatibus pariatur iure consequuntur culpa quae accusamus repudiandae officiis inventore maxime ea velit esse laudantium dolorum aliquid sed sed.,115325,11980,321
POST0074,INF014,Twitter,2025-02-18 12:28:00,https://twitter.com/finnbali/post/74,Asperiores ducimus voluptas eaque laborum autem deleniti quaerat a mollitia fugiat doloremque cupiditate porro minima accusantium nisi culpa.,128651,13480,987
POST0075,INF014,Twitter,2025-03-23 17:50:13,https://twitter.com/finnbali/post/75,Est tenetur ipsa impedit quasi officiis aut et culpa doloribus laborum iste debitis rem facilis expedita odit eius porro nobis enim possimus pariatur at labore alias.,160183,15182,492
POST0076,INF014,Twitter,2025-06-09 08:08:23,https://twitter.com/finnbali/post/76,Distinctio accusantium maiores voluptatum expedita maiores fugiat illum dolor aliquam quaerat amet occaecati at nihil unde nisi laborum nisi.,51376,7182,320
POST0077,INF014,Twitter,2025-02-03 19:04:01,https://twitter.com/finnbali/post/77,Quia dolore praesentium dolorum asperiores odio deserunt nulla aspernatur modi quidem deleniti ipsa enim in dignissimos odit eius officia voluptate vel illum reiciendis quo repellat deleniti.,135724,12611,417
POST0078,INF014,Twitter,2025-02-22 23:35:01,https://twitter.com/finnbali/post/78,Ut eligendi quibusdam reprehenderit blanditiis consequuntur perspiciatis itaque quia ratione aperiam aut enim.,96432,2346,183
POST0079,INF015,YouTube,2025-07-16 15:33:54,https://youtube.com/maxrandhawa/post/79,Eum reiciendis quos corporis occaecati cupiditate necessitatibus reiciendis laudantium et eligendi earum alias iure laboriosam.,18994,504,34
POST0080,INF015,YouTube,2025-02-12 04:01:55,https://youtube.com/maxrandhawa/post/80,Voluptates praesentium eligendi nam ratione velit sit in amet occaecati nobis occaecati culpa excepturi.,29432,1218,120
POST0081,INF015,YouTube,2025-04-24 18:24:41,https://youtube.com/maxrandhawa/post/81,Vitae vero quas porro fugit distinctio itaque tenetur maxime consequatur voluptas doloremque minima illum saepe consequuntur ratione quod.,49889,7326,163
POST0082,INF015,YouTube,2025-05-23 17:38:15,https://youtube.com/maxrandhawa/post/82,Sapiente voluptates animi explicabo repudiandae illo aperiam ipsum animi fuga enim alias quis mollitia dolorum ad repellendus dignissimos incidunt sapiente ipsa hic consequuntur tempore libero.,15340,1900,83
POST0083,INF015,YouTube,2025-02-02 07:36:29,https://youtube.com/maxrandhawa/post/83,Nulla maxime voluptatum asperiores labore quod tempora quas nulla alias itaque aspernatur debitis.,19303,646,51
POST0084,INF015,YouTube,2025-05-23 15:41:30,https://youtube.com/maxrandhawa/post/84,Nam quibusdam beatae dicta esse velit dolore laborum voluptates tempore mollitia sit odit quaerat perferendis odio sit rem praesentium fugit possimus enim dolor qui.,62865,2129,165
POST0085,INF016,Twitter,2025-02-17 08:33:30,https://twitter.com/triyasom/post/85,Eum quos perferendis nihil iusto ducimus quos sapiente possimus quidem quasi cum optio praesentium laudantium omnis qui illum tenetur exercitationem suscipit adipisci laboriosam.,206632,24121,1174
POST0086,INF016,Twitter,2025-03-22 19:03:14,https://twitter.com/triyasom/post/86,Architecto magni alias blanditiis deserunt cumque possimus corrupti eligendi omnis asperiores laboriosam odit veritatis error aliquid doloribus totam repudiandae quibusdam.,203068,14188,762
POST0087,INF016,Twitter,2025-06-17 18:25:22,https://twitter.com/triyasom/post/87,Deleniti tenetur deserunt iusto ad veniam cupiditate autem quaerat aperiam atque illo animi amet debitis molestias sequi.,106950,10857,376
POST0088,INF016,Twitter,2025-05-14 17:30:24,https://twitter.com/triyasom/post/88,Tenetur repudiandae optio ea quam tenetur ea vero ducimus laudantium culpa vero.,78824,3881,131
POST0089,INF017,YouTube,2025-06-09 12:46:40,https://youtube.com/yoshitasidhu/post/89,Accusamus eos ab harum sed porro ducimus impedit delectus doloribus explicabo nesciunt recusandae sapiente vitae asperiores dolorem molestias esse consequuntur.,29110,1709,163
POST0090,INF017,YouTube,2025-04-10 20:14:20,https://youtube.com/yoshitasidhu/post/90,Voluptates corrupti vero nemo est ea numquam quo neque ea explicabo temporibus veritatis ratione similique aliquid facere alias dicta recusandae magnam recusandae voluptatum illum officiis.,33302,873,44
POST0091,INF017,YouTube,2025-01-26 23:16:42,https://youtube.com/yoshitasidhu/post/91,Suscipit corrupti aliquam aliquid facere saepe labore iste enim voluptatem recusandae sint totam non libero earum id rem quod distinctio quo odit cupiditate.,53336,1705,118
POST0092,INF017,YouTube,2025-06-03 14:13:33,https://youtube.com/yoshitasidhu/post/92,Mollitia cum voluptatum quibusdam praesentium ratione sed repellendus et inventore praesentium nam reiciendis modi at consequatur.,37924,3197,116
POST0093,INF017,YouTube,2025-05-04 05:25:17,https://youtube.com/yoshitasidhu/post/93,In dolorem error recusandae iure ea quae voluptate accusantium error quas voluptates quas aperiam sapiente vero provident nostrum ad qui ad enim necessitatibus officia tempore quaerat itaque.,31031,2718,108
POST0094,INF017,YouTube,2025-04-01 13:06:47,https://youtube.com/yoshitasidhu/post/94,Dolor laboriosam reprehenderit praesentium consequatur distinctio modi cum et magnam voluptatem accusantium at unde quam tempore repellat dolorem omnis.,72307,7438,428
POST0095,INF018,Twitter,2025-06-20 23:10:54,https://twitter.com/dominicmunshi/post/95,Debitis perferendis inventore quos explicabo sequi excepturi esse nostrum distinctio itaque autem repudiandae impedit libero tenetur consequuntur unde accusantium repudiandae.,65313,2603,42
POST0096,INF018,Twitter,2025-02-03 17:12:52,https://twitter.com/dominicmunshi/post/96,Sunt iure corporis eligendi enim possimus libero fugit modi recusandae natus sit dicta omnis perspiciatis.,126534,6990,317
POST0097,INF018,Twitter,2025-06-24 02:19:46,https://twitter.com/dominicmunshi/post/97,Placeat unde debitis quos necessitatibus iusto tenetur fuga repudiandae quaerat consectetur provident nobis ullam inventore quam aliquam distinctio dicta cupiditate in cupiditate.,60218,8465,345
POST0098,INF018,Twitter,2025-04-09 15:16:15,https://twitter.com/dominicmunshi/post/98,Culpa nulla quas odio ab dolore expedita debitis sequi minima neque pariatur.,64701,7717,728
POST0099,INF019,YouTube,2025-03-26 08:00:58,https://youtube.com/ishaboase/post/99,Enim velit eos voluptatem amet molestiae quasi quisquam ut facilis quaerat veritatis quia cupiditate est enim fugiat pariatur accusamus ipsa.,10990,1592,43
POST0100,INF019,YouTube,2025-02-10 19:38:09,https://youtube.com/ishaboase/post/100,Autem sed delectus officia architecto odit facere ipsam dolore veniam iure temporibus doloremque animi eos deleniti et.,10350,222,8
POST0101,INF019,YouTube,2025-05-21 03:22:13,https://youtube.com/ishaboase/post/101,Totam est nostrum harum ex magnam magnam sit quas ex possimus excepturi error nobis.,10787,508,25
POST0102,INF019,YouTube,2025-05-28 21:43:12,https://youtube.com/ishaboase/post/102,Porro debitis deserunt quas vitae consequuntur consectetur sit odio iure ipsa quidem.,12959,527,9
POST0103,INF020,YouTube,2025-04-07 09:44:07,https://youtube.com/vinayabahri/post/103,Possimus recusandae eligendi placeat cumque unde neque tempora quisquam inventore libero reprehenderit incidunt velit similique aliquid distinctio repudiandae.,17727,1040,63
POST0104,INF020,YouTube,2025-05-03 21:29:48,https://youtube.com/vinayabahri/post/104,Praesentium officia perferendis atque ad quos odit molestiae laboriosam accusamus repellendus repellat consequatur ipsum.,40145,4148,360
POST0105,INF020,YouTube,2025-05-03 18:30:01,https://youtube.com/vinayabahri/post/105,Corrupti voluptatem enim nemo velit quibusdam commodi velit quasi molestias impedit veritatis commodi fuga voluptatem eum a quo inventore tempora unde consequuntur quasi cum error.,40512,1067,19
POST0106,INF020,YouTube,2025-06-02 16:16:39,https://youtube.com/vinayabahri/post/106,Sint nisi autem quasi quis aut officiis a deserunt quis fuga voluptas.,10935,1329,87
POST0107,INF020,YouTube,2025-02-06 11:58:28,https://youtube.com/vinayabahri/post/107,Blanditiis porro maiores neque recusandae eveniet incidunt error debitis explicabo cum dolores voluptates error cumque.,13532,1813,112
POST0108,INF020,YouTube,2025-04-29 12:48:48,https://youtube.com/vinayabahri/post/108,Incidunt qui facere dignissimos occaecati quo ratione vitae reprehenderit minima dignissimos similique consectetur consequatur facilis eaque repellendus dicta.,51279,5384,373
POST0109,INF020,YouTube,2025-06-25 10:48:03,https://youtube.com/vinayabahri/post/109,Saepe repudiandae recusandae explicabo quidem magni quos officiis illum accusamus voluptas dignissimos veritatis illum.,52627,4601,387
POST0110,INF021,Twitter,2025-05-07 14:40:26,https://twitter.com/ishanidugal/post/110,Non tempora officiis saepe suscipit architecto ad similique expedita dicta labore consequuntur unde.,256608,8922,746
POST0111,INF021,Twitter,2025-03-05 01:05:55,https://twitter.com/ishanidugal/post/111,Sunt sed repudiandae atque ex non sapiente vel dolorum quidem quod corporis debitis laboriosam velit fuga quos voluptates atque ea ex sit labore itaque culpa.,155825,14690,1146
POST0112,INF021,Twitter,2025-05-04 06:56:04,https://twitter.com/ishanidugal/post/112,Temporibus neque necessitatibus quam beatae perspiciatis esse provident consequuntur sit magnam delectus deserunt incidunt rerum doloremque harum repellendus amet accusamus hic voluptas quis vitae asperiores explicabo facere.,188594,6687,110
POST0113,INF022,Instagram,2025-06-08 23:52:43,https://instagram.com/lavanyatara/post/113,Aliquid culpa totam eligendi cupiditate molestias ipsam non asperiores illo saepe neque mollitia mollitia.,37398,3162,127
POST0114,INF022,Instagram,2025-03-18 09:21:37,https://instagram.com/lavanyatara/post/114,Rerum alias sint qui architecto ipsam quod fuga placeat fuga ipsa necessitatibus eos qui libero soluta consequuntur culpa ullam placeat ad voluptates amet.,41687,2868,201
POST0115,INF022,Instagram,2025-05-02 13:27:47,https://instagram.com/lavanyatara/post/115,Dignissimos nihil dicta laborum mollitia totam quidem molestiae quibusdam voluptatem molestiae incidunt eos doloremque perspiciatis exercitationem error atque consequatur sunt quisquam nemo pariatur eos voluptates porro.,29563,3758,215
POST0116,INF023,YouTube,2025-02-23 04:45:30,https://youtube.com/zayankamdar/post/116,Architecto eius cum quos quis consequatur repellendus voluptate temporibus provident assumenda doloremque eius.,48788,6423,224
POST0117,INF023,YouTube,2025-07-22 10:34:21,https://youtube.com/zayankamdar/post/117,Officiis earum ab molestiae repudiandae reiciendis facilis molestias aspernatur assumenda consequatur doloribus enim ratione quos tenetur recusandae rerum consequuntur distinctio reprehenderit odit nihil at temporibus voluptas sint.,24089,2809,192
POST0118,INF023,YouTube,2025-03-15 08:20:50,https://youtube.com/zayankamdar/post/118,Pariatur incidunt placeat quo inventore eaque aperiam beatae eius quaerat quae in ipsa sint reprehenderit.,42540,2893,114
POST0119,INF023,YouTube,2025-04-26 10:58:58,https://youtube.com/zayankamdar/post/119,Ipsam voluptatum tenetur dolorum harum eum nulla repudiandae aliquid quos itaque repudiandae ab ipsam tempora amet necessitatibus exercitationem.,17195,1860,76
POST0120,INF023,YouTube,2025-04-14 03:41:49,https://youtube.com/zayankamdar/post/120,Culpa ducimus hic delectus sit aliquam neque autem recusandae cumque aliquam odio itaque beatae officia totam quibusdam animi assumenda voluptates facilis tenetur quasi cupiditate.,11973,933,28
POST0121,INF023,YouTube,2025-05-11 06:26:20,https://youtube.com/zayankamdar/post/121,Quam architecto optio harum voluptas rem laudantium sit quisquam ipsa laudantium dignissimos eveniet dolor commodi nisi expedita dolor sit adipisci.,17962,2263,193
POST0122,INF023,YouTube,2025-03-13 03:59:27,https://youtube.com/zayankamdar/post/122,Praesentium dicta sequi sint perferendis quis temporibus aperiam harum eius voluptate quas accusamus pariatur.,30207,3129,304
POST0123,INF023,YouTube,2025-03-29 18:00:58,https://youtube.com/zayankamdar/post/123,Iste quidem nobis quo velit earum expedita totam dolorum earum exercitationem odio beatae perferendis sed beatae numquam amet ducimus.,16893,2327,67
POST0124,INF024,Instagram,2025-03-20 05:46:03,https://instagram.com/kashvibuch/post/124,Cumque ab harum tempora eos explicabo in dolores ut quae eveniet soluta illo aliquid id beatae provident perferendis.,139283,13516,238
POST0125,INF024,Instagram,2025-05-10 16:57:54,https://instagram.com/kashvibuch/post/125,Molestiae mollitia quis sed inventore porro cum molestias expedita quisquam ducimus cum voluptatibus error ut exercitationem non et.,129603,18578,1704
POST0126,INF024,Instagram,2025-05-06 19:26:22,https://instagram.com/kashvibuch/post/126,Vel quidem maxime unde excepturi ex at harum libero ea possimus unde doloremque laudantium eveniet at consequuntur magnam delectus consectetur quam sit eum quae asperiores animi similique.,161134,10559,920
POST0127,INF024,Instagram,2025-03-16 02:55:16,https://instagram.com/kashvibuch/post/127,Delectus repellat sequi explicabo aperiam facilis doloribus tenetur vero fugit libero consequuntur pariatur quis cumque error pariatur non quam fugiat dolore inventore tempora.,229827,24036,1812
POST0128,INF024,Instagram,2025-07-19 13:16:18,https://instagram.com/kashvibuch/post/128,Ea tempore rem dignissimos laudantium excepturi tempora qui expedita doloremque voluptate vitae quos asperiores ad consectetur veritatis commodi vitae neque quos occaecati dolores enim.,190625,9346,867
POST0129,INF024,Instagram,2025-03-13 21:25:17,https://instagram.com/kashvibuch/post/129,Esse quo ipsum repellendus nesciunt assumenda iusto tenetur saepe deleniti asperiores exercitationem esse eos repellendus itaque veritatis.,62941,7864,521
POST0130,INF024,Instagram,2025-05-17 06:24:17,https://instagram.com/kashvibuch/post/130,Architecto repellendus fugit odio eveniet quis sequi officia in beatae consectetur possimus modi dolore animi illo nemo non.,201848,14434,807
POST0131,INF025,Instagram,2025-01-31 11:39:00,https://instagram.com/prishasem/post/131,Modi nulla tempore modi eum architecto ipsam fugit sint deleniti esse sed mollitia dolores aperiam non adipisci repellendus assumenda ratione natus blanditiis voluptates.,33786,4640,412
POST0132,INF025,Instagram,2025-03-30 08:12:14,https://instagram.com/prishasem/post/132,Voluptate doloribus accusantium doloremque consequuntur iusto optio eaque quia veritatis repudiandae occaecati reiciendis temporibus exercitationem repudiandae eligendi dolorem ea veniam.,57019,7866,249
POST0133,INF025,Instagram,2025-04-26 22:01:05,https://instagram.com/prishasem/post/133,Tenetur nihil sapiente maxime iusto amet nulla dolore doloribus ad optio optio non ab porro numquam aperiam occaecati voluptatibus corrupti quod ipsam dignissimos iste nemo.,105192,6697,306
POST0134,INF025,Instagram,2025-05-12 13:08:41,https://instagram.com/prishasem/post/134,Optio eaque optio numquam occaecati porro eos omnis autem at molestiae amet inventore provident nam accusamus culpa excepturi expedita sapiente labore quisquam dolorem.,26741,1910,176
POST0135,INF025,Instagram,2025-02-13 07:33:00,https://instagram.com/prishasem/post/135,Repellat minima dolor consectetur praesentium quibusdam suscipit quam dignissimos vero corporis quaerat fuga culpa quod tempora quod ducimus nobis distinctio perspiciatis.,107733,11260,710
POST0136,INF025,Instagram,2025-07-17 06:42:31,https://instagram.com/prishasem/post/136,Quasi perspiciatis architecto officiis praesentium quaerat saepe consequuntur dolorum quaerat minima consectetur rem delectus consequuntur aut adipisci molestias inventore.,65499,8331,507
POST0137,INF026,Twitter,2025-04-28 21:12:58,https://twitter.com/udantvala/post/137,Cupiditate architecto excepturi voluptatibus ea accusantium nulla asperiores voluptatum dolore iste repellendus nobis consectetur.,65457,7616,467
POST0138,INF026,Twitter,2025-03-26 18:00:02,https://twitter.com/udantvala/post/138,Commodi ab doloremque recusandae illo maiores aut aspernatur excepturi inventore neque odit quae.,13338,1359,111
POST0139,INF026,Twitter,2025-05-10 08:28:02,https://twitter.com/udantvala/post/139,Sed doloremque culpa asperiores itaque sit nulla cum delectus soluta dolor natus rem libero placeat hic optio libero tempore earum eveniet voluptatum nostrum magnam id voluptatibus cupiditate.,40020,2222,194
POST0140,INF027,Instagram,2025-04-23 22:13:37,https://instagram.com/teerthkulkarni/post/140,Nemo inventore sapiente exercitationem maxime omnis asperiores nihil quod aliquam fugiat iste delectus corporis tenetur saepe et adipisci ipsa beatae eaque natus.,143006,11599,838
POST0141,INF027,Instagram,2025-03-21 06:27:47,https://instagram.com/teerthkulkarni/post/141,Vero tenetur commodi laboriosam illo distinctio occaecati placeat veniam ut soluta modi repellendus rem repellendus error architecto perspiciatis dolorem incidunt.,157042,9215,198
POST0142,INF027,Instagram,2025-06-25 15:21:58,https://instagram.com/teerthkulkarni/post/142,Magnam natus quis quis a recusandae numquam architecto deserunt rem enim velit vero facere earum aperiam officia officiis neque accusantium fugiat quam sit inventore unde sequi.,114683,3718,126
POST0143,INF027,Instagram,2025-07-09 19:37:57,https://instagram.com/teerthkulkarni/post/143,Optio veritatis qui molestiae officiis eos numquam rerum doloremque in explicabo inventore facere mollitia quibusdam dicta accusamus fuga praesentium error ut.,112927,9745,583
POST0144,INF027,Instagram,2025-06-22 05:06:48,https://instagram.com/teerthkulkarni/post/144,Laudantium repellendus hic excepturi iusto est porro est rerum fugiat fuga possimus sapiente hic unde.,86067,8220,788
POST0145,INF027,Instagram,2025-03-02 10:52:09,https://instagram.com/teerthkulkarni/post/145,In maxime sint quos beatae sed vel nemo veniam quam minima veritatis itaque maxime deserunt ipsum ipsa.,157861,14864,1097
POST0146,INF027,Instagram,2025-05-06 03:11:56,https://instagram.com/teerthkulkarni/post/146,Nam vitae accusantium quod ad assumenda delectus similique error atque atque numquam minus atque fugit ipsa.,169782,16758,1027
POST0147,INF027,Instagram,2025-05-28 03:51:17,https://instagram.com/teerthkulkarni/post/147,Ut numquam possimus nulla dolore illum veritatis corrupti explicabo animi quos tempore voluptatem laborum et nobis repudiandae ipsa.,132432,9758,759
POST0148,INF028,Twitter,2025-05-27 04:20:20,https://twitter.com/taraahluwalia/post/148,Et amet illo sed aperiam reprehenderit soluta incidunt cupiditate quaerat optio sed qui eveniet adipisci iusto optio officia ratione alias.,78921,3539,138
POST0149,INF028,Twitter,2025-03-05 11:46:11,https://twitter.com/taraahluwalia/post/149,Magnam tempora facere delectus cumque illum dignissimos vero dignissimos rem accusamus voluptas alias eligendi est deserunt quaerat alias assumenda voluptatibus sequi.,160368,20289,1569
POST0150,INF028,Twitter,2025-02-27 13:54:18,https://twitter.com/taraahluwalia/post/150,Atque nihil labore impedit qui odit quia placeat delectus vero maiores amet omnis nostrum doloribus voluptate rerum dolorum.,128407,11434,828
POST0151,INF028,Twitter,2025-02-13 19:31:24,https://twitter.com/taraahluwalia/post/151,Expedita ab dicta itaque voluptatum ullam cupiditate tenetur ab unde reprehenderit repudiandae hic commodi amet porro blanditiis repellendus placeat velit.,64199,8412,187
POST0152,INF028,Twitter,2025-03-29 06:31:09,https://twitter.com/taraahluwalia/post/152,Perferendis voluptate quod quo atque nulla tempora ullam fugit nemo dolor provident assumenda dignissimos ea neque.,49440,4002,175
POST0153,INF028,Twitter,2025-03-12 16:37:38,https://twitter.com/taraahluwalia/post/153,Voluptates pariatur cum perferendis aliquam officiis itaque fugiat amet nesciunt mollitia dolore quasi repellat ipsa aperiam quod assumenda.,145295,6339,451
POST0154,INF029,Twitter,2025-04-04 14:24:11,https://twitter.com/vyanjanasarraf/post/154,Dolorem perferendis saepe assumenda debitis accusantium rem eligendi repellendus quia modi amet quo vel magni natus quas autem iste similique exercitationem quasi dolores quos sequi aliquam.,174493,18370,1515
POST0155,INF029,Twitter,2025-06-22 19:41:36,https://twitter.com/vyanjanasarraf/post/155,Maiores eum veritatis dolores magnam maxime quisquam debitis fugiat aperiam fuga voluptatibus dolorem excepturi harum dolorem non ea ullam amet quidem numquam.,44687,1122,112
POST0156,INF029,Twitter,2025-07-08 08:49:49,https://twitter.com/vyanjanasarraf/post/156,Veritatis exercitationem minus occaecati ab facilis praesentium tempora veniam ipsum saepe minus ducimus iste quae odit.,77391,10345,315
POST0157,INF029,Twitter,2025-05-20 15:51:08,https://twitter.com/vyanjanasarraf/post/157,Ipsa vero ullam sit placeat ipsa enim inventore eos earum molestiae numquam at distinctio hic laborum atque neque libero consequuntur.,147418,5850,112
POST0158,INF029,Twitter,2025-07-19 21:38:14,https://twitter.com/vyanjanasarraf/post/158,Hic iusto dolores ea illum ipsam temporibus atque eaque exercitationem ex minima maiores expedita ipsam occaecati totam officiis sequi corrupti enim praesentium.,142567,15113,716
POST0159,INF029,Twitter,2025-04-08 02:57:40,https://twitter.com/vyanjanasarraf/post/159,Laudantium fugit distinctio ut unde sequi debitis exercitationem quibusdam enim ipsa reiciendis magni doloremque possimus sed doloribus atque repudiandae commodi suscipit numquam.,107465,7323,80
POST0160,INF030,YouTube,2025-04-03 00:13:53,https://youtube.com/pratyushkhanna/post/160,Cupiditate ad expedita libero aut voluptatem praesentium debitis incidunt deserunt aperiam eum vitae ipsa quisquam cumque expedita culpa nesciunt voluptates illum ullam.,38157,1486,74
POST0161,INF030,YouTube,2025-02-11 00:00:56,https://youtube.com/pratyushkhanna/post/161,Aspernatur necessitatibus dolore ratione dolore similique quo et hic quisquam quaerat reiciendis qui hic enim sit velit numquam eveniet.,66564,7507,610
POST0162,INF030,YouTube,2025-05-06 13:40:33,https://youtube.com/pratyushkhanna/post/162,Necessitatibus tenetur explicabo necessitatibus corrupti neque est corrupti ratione illo quisquam iste earum.,63872,5216,401
POST0163,INF030,YouTube,2025-06-20 07:07:55,https://youtube.com/pratyushkhanna/post/163,Non voluptates accusantium magni fugit est iste blanditiis adipisci vel atque vel libero hic quibusdam vitae.,24828,1659,91
POST0164,INF030,YouTube,2025-04-25 02:59:05,https://youtube.com/pratyushkhanna/post/164,Doloribus iusto ullam est cupiditate vel quaerat placeat iure consequuntur tempora cupiditate velit.,25595,2597,152
POST0165,INF031,Twitter,2025-02-11 19:05:44,https://twitter.com/vihaandas/post/165,Harum quod facilis libero rem perferendis consequuntur quas dolore minus nam fuga neque rerum repellendus modi.,168475,14304,1088
POST0166,INF031,Twitter,2025-02-18 11:32:13,https://twitter.com/vihaandas/post/166,Maiores temporibus enim excepturi excepturi expedita a fugiat qui voluptatibus possimus ipsam beatae ipsa facere eaque iusto ad numquam soluta.,80337,9969,923
POST0167,INF031,Twitter,2025-05-06 02:00:58,https://twitter.com/vihaandas/post/167,Vitae nesciunt optio alias saepe corrupti aperiam fugit dolore voluptates commodi excepturi esse officiis impedit excepturi quas totam asperiores ut deleniti nulla ullam vitae aperiam.,51265,7440,539
POST0168,INF031,Twitter,2025-06-22 02:50:00,https://twitter.com/vihaandas/post/168,Assumenda perferendis nesciunt sunt cumque facilis consequatur odit officiis delectus sed enim inventore ipsum libero maiores similique iste voluptas laboriosam incidunt labore.,140164,4702,364
POST0169,INF031,Twitter,2025-07-09 21:24:42,https://twitter.com/vihaandas/post/169,Sapiente expedita assumenda accusamus repellendus repellendus consectetur architecto reprehenderit recusandae culpa reiciendis amet quisquam deleniti cum similique et vitae cumque accusantium.,78246,4507,199
POST0170,INF032,YouTube,2025-06-27 22:37:40,https://youtube.com/devbhagat/post/170,Asperiores dignissimos explicabo ad dolorum sapiente itaque maxime fuga odit quos sed excepturi laboriosam totam voluptas placeat inventore quis optio nam doloribus laborum provident.,18559,2596,40
POST0171,INF032,YouTube,2025-05-15 14:29:24,https://youtube.com/devbhagat/post/171,Vel quo quibusdam libero aspernatur at itaque consequuntur autem dolor ea quo aperiam iusto sunt suscipit repellat.,10607,328,5
POST0172,INF032,YouTube,2025-07-18 12:27:16,https://youtube.com/devbhagat/post/172,Culpa recusandae recusandae sapiente atque iure necessitatibus rerum tempore modi officiis aut dignissimos incidunt atque illum deleniti ab animi ipsum odio sunt.,21607,1964,116
POST0173,INF032,YouTube,2025-03-08 01:08:30,https://youtube.com/devbhagat/post/173,Commodi tenetur itaque dolores quisquam iusto dolores odio vel aliquid animi hic corrupti nam exercitationem assumenda officia omnis veritatis aut placeat deleniti dicta ex beatae voluptate.,18573,849,39
POST0174,INF032,YouTube,2025-02-04 23:19:10,https://youtube.com/devbhagat/post/174,Dolor facere velit quaerat cum corporis fugit omnis corrupti fuga distinctio deserunt quos voluptatum eligendi minima cumque.,45799,4113,347
POST0175,INF033,YouTube,2025-04-17 05:24:03,https://youtube.com/ranbirde/post/175,Animi adipisci ab quam neque aut voluptatibus corporis nostrum voluptatibus aperiam recusandae ratione aperiam assumenda libero tenetur numquam aliquid quae enim dignissimos.,149312,10915,188
POST0176,INF033,YouTube,2025-02-10 09:10:13,https://youtube.com/ranbirde/post/176,Quidem pariatur debitis quod similique aliquam sapiente temporibus corporis minus qui dolor.,110491,13338,1014
POST0177,INF033,YouTube,2025-05-24 04:20:38,https://youtube.com/ranbirde/post/177,Tenetur numquam accusantium non veritatis aliquam dolore incidunt assumenda eum sint enim labore quae facilis tempora suscipit commodi doloribus qui ratione temporibus quisquam.,42981,3488,184
POST0178,INF033,YouTube,2025-06-15 13:09:28,https://youtube.com/ranbirde/post/178,Quae modi molestiae vitae occaecati optio molestias consectetur vitae dignissimos ipsa deleniti hic molestiae reiciendis unde accusantium ea voluptatum tenetur.,141559,18005,1184
POST0179,INF034,YouTube,2025-04-11 18:46:02,https://youtube.com/ishanighose/post/179,Quisquam incidunt error ad soluta nobis sed iure maxime amet vel magni non veniam quas quod quasi ad laboriosam similique est.,246377,7214,680
POST0180,INF034,YouTube,2025-03-15 08:06:23,https://youtube.com/ishanighose/post/180,Dolores facilis explicabo magnam minus adipisci optio excepturi adipisci quae perferendis deleniti praesentium non tenetur quo inventore exercitationem aperiam laudantium repudiandae eaque.,67704,1775,168
POST0181,INF034,YouTube,2025-05-09 09:41:35,https://youtube.com/ishanighose/post/181,In corporis odit accusamus quidem laudantium culpa quisquam maiores officia cum consequatur minima dolorum laboriosam qui magnam quia exercitationem saepe nisi excepturi.,258275,14599,1193
POST0182,INF034,YouTube,2025-05-31 14:25:11,https://youtube.com/ishanighose/post/182,Accusantium recusandae voluptates quasi eveniet itaque officiis aliquam minima sequi quis asperiores saepe quam in aliquam esse laboriosam.,91922,5421,380
POST0183,INF034,YouTube,2025-04-08 14:48:12,https://youtube.com/ishanighose/post/183,Veritatis sint similique perferendis esse molestiae earum suscipit aliquid aliquam quam blanditiis dolorem id sapiente.,195012,18421,439
POST0184,INF034,YouTube,2025-07-06 17:18:06,https://youtube.com/ishanighose/post/184,Unde doloribus id repellendus doloremque dolores ut hic blanditiis doloribus commodi nihil omnis dignissimos reiciendis earum cumque provident.,248792,14277,279
POST0185,INF034,YouTube,2025-05-01 17:03:39,https://youtube.com/ishanighose/post/185,Velit odio harum asperiores autem libero eum quisquam velit dolores repellat deleniti omnis optio molestias asperiores.,128213,14024,402
POST0186,INF034,YouTube,2025-07-20 22:18:19,https://youtube.com/ishanighose/post/186,Pariatur aspernatur velit dolorum beatae dignissimos inventore odio doloremque magni ad dolorum.,205442,25976,436
POST0187,INF035,YouTube,2025-03-30 19:26:08,https://youtube.com/saibobal/post/187,Doloribus rerum sapiente et minus dicta adipisci optio consectetur id dignissimos minus doloremque optio dicta neque nihil fuga eligendi ab fuga tenetur tenetur molestias odit.,124234,8360,579
POST0188,INF035,YouTube,2025-02-26 04:31:51,https://youtube.com/saibobal/post/188,Nam corrupti mollitia rerum distinctio quo qui praesentium cupiditate earum quam sint dicta voluptatem modi consequatur tenetur unde similique totam ullam debitis.,60760,3939,51
POST0189,INF035,YouTube,2025-03-25 04:48:50,https://youtube.com/saibobal/post/189,Aliquam blanditiis qui sit tenetur sunt ullam magni natus sed eius voluptatem rerum id itaque praesentium dolor repellat iure.,130831,10015,402
POST0190,INF035,YouTube,2025-05-28 06:44:37,https://youtube.com/saibobal/post/190,Ipsam quas occaecati iusto veniam corporis quaerat vero sit hic deserunt architecto iusto molestias nobis incidunt quo dicta porro ipsum illo tempora.,54749,2211,216
POST0191,INF036,Instagram,2025-06-02 00:37:45,https://instagram.com/nachiketsodhi/post/191,Eaque vitae saepe consectetur iste maiores ullam doloremque impedit autem vero delectus earum expedita ratione sint dignissimos sit quia cum non.,202363,10899,819
POST0192,INF036,Instagram,2025-01-28 02:18:30,https://instagram.com/nachiketsodhi/post/192,Maiores quod iste maxime sapiente nesciunt aut rerum harum necessitatibus aliquid mollitia totam veniam ad saepe.,154245,11854,496
POST0193,INF036,Instagram,2025-07-20 08:15:49,https://instagram.com/nachiketsodhi/post/193,Vero eveniet natus aut sunt sit aliquid veritatis cupiditate tempora esse ullam id omnis deserunt ipsum inventore ad numquam non excepturi maxime rem tempore ut consequuntur officiis.,267485,8164,130
POST0194,INF036,Instagram,2025-03-06 07:56:03,https://instagram.com/nachiketsodhi/post/194,Quisquam provident ipsam eum consectetur quas alias accusamus veritatis sit quas porro perspiciatis ipsam odio ex quod fugiat.,252144,29107,1679
POST0195,INF037,Instagram,2025-04-10 23:54:01,https://instagram.com/yagneshcontractor/post/195,Non dolorem nostrum voluptatibus voluptates ipsam illum minima occaecati numquam consequatur ex molestias soluta perspiciatis nihil ad sequi.,20547,947,53
POST0196,INF037,Instagram,2025-06-17 05:22:27,https://instagram.com/yagneshcontractor/post/196,Laborum excepturi aspernatur aperiam odio accusantium nihil amet libero alias saepe quis ipsa voluptas id.,50661,6312,465
POST0197,INF037,Instagram,2025-01-29 15:59:31,https://instagram.com/yagneshcontractor/post/197,Ut nemo possimus facilis expedita fuga inventore inventore accusantium voluptates ab nulla.,48982,4595,368
POST0198,INF037,Instagram,2025-05-01 10:42:24,https://instagram.com/yagneshcontractor/post/198,Laborum iure omnis culpa aspernatur minus quibusdam incidunt earum repudiandae reprehenderit alias quisquam repudiandae blanditiis molestias incidunt magnam cupiditate.,16887,1758,117
POST0199,INF037,Instagram,2025-03-14 01:11:16,https://instagram.com/yagneshcontractor/post/199,Reprehenderit illum veniam blanditiis saepe quis ratione necessitatibus sequi possimus culpa sapiente fuga et dolorum.,34782,2846,137
POST0200,INF037,Instagram,2025-02-11 16:55:46,https://instagram.com/yagneshcontractor/post/200,Eos illo doloribus eligendi adipisci impedit et vitae perferendis necessitatibus beatae laborum fugiat debitis laboriosam quisquam voluptatem ea nihil ut odit tempora blanditiis.,13170,1149,94
POST0201,INF038,Instagram,2025-05-04 19:03:52,https://instagram.com/anaymannan/post/201,Eligendi ipsum libero deleniti fuga eos ipsum dolores quis expedita unde excepturi laboriosam labore autem aliquam error fuga sapiente.,128982,8903,294
POST0202,INF038,Instagram,2025-05-31 09:40:44,https://instagram.com/anaymannan/post/202,Quidem impedit iure ad deserunt maiores fugit vero molestias exercitationem quidem inventore earum.,110820,15925,300
POST0203,INF038,Instagram,2025-02-23 11:46:39,https://instagram.com/anaymannan/post/203,Delectus ipsum doloremque voluptatum quae harum veniam deleniti illo exercitationem autem quasi quam eius rerum dolorum consectetur maiores.,138231,7546,430
POST0204,INF038,Instagram,2025-03-26 08:10:17,https://instagram.com/anaymannan/post/204,Odio repellendus accusantium voluptates totam sit aperiam tenetur sit aliquid ut at.,180279,9155,427
POST0205,INF038,Instagram,2025-03-02 19:40:45,https://instagram.com/anaymannan/post/205,Sapiente excepturi inventore animi reiciendis nisi quas assumenda beatae fuga possimus reiciendis.,138614,15258,921
POST0206,INF038,Instagram,2025-05-22 15:25:10,https://instagram.com/anaymannan/post/206,Itaque ipsa voluptatum veniam impedit inventore beatae sapiente dolorem cupiditate eos nobis dolores delectus natus qui quisquam eaque.,163835,20662,1163
POST0207,INF038,Instagram,2025-04-02 02:35:39,https://instagram.com/anaymannan/post/207,Animi molestiae voluptatem at ut nihil consequatur maiores id tempora optio aliquam suscipit praesentium veniam praesentium facere sint dolor dolore quae.,136431,17872,369
POST0208,INF038,Instagram,2025-03-13 09:09:26,https://instagram.com/anaymannan/post/208,Atque ut consequatur labore maxime rem ratione doloribus ipsum atque eveniet natus hic accusamus maiores nulla dignissimos quibusdam harum accusantium distinctio id iure eveniet.,47406,7063,111
POST0209,INF039,Twitter,2025-05-16 05:53:15,https://twitter.com/madhavivarkey/post/209,Nulla rerum molestiae repellat saepe aliquid distinctio ducimus laborum distinctio veniam aliquid molestias itaque reprehenderit reiciendis sit expedita placeat in nesciunt sapiente velit.,145937,13737,1074
POST0210,INF039,Twitter,2025-04-02 07:11:27,https://twitter.com/madhavivarkey/post/210,Aliquid itaque culpa quisquam perspiciatis minima ad temporibus voluptate nam similique nulla debitis commodi vero sed.,117197,14783,717
POST0211,INF039,Twitter,2025-05-16 00:48:05,https://twitter.com/madhavivarkey/post/211,Possimus vitae repudiandae qui eaque neque assumenda voluptatem atque distinctio dolorum occaecati dolore pariatur dolorum suscipit tempora laudantium voluptatibus quasi aliquam.,184282,19996,1856
POST0212,INF039,Twitter,2025-02-11 21:27:23,https://twitter.com/madhavivarkey/post/212,Ipsum quia illum est occaecati soluta dolore quo voluptas error culpa animi ducimus suscipit ullam quidem numquam maxime fugit provident vitae eaque modi soluta.,151562,21628,527
POST0213,INF039,Twitter,2025-02-17 10:33:21,https://twitter.com/madhavivarkey/post/213,Odit odit facilis eaque ullam autem totam ut repellat rerum exercitationem labore neque atque necessitatibus labore architecto voluptates totam rem ducimus veniam laborum porro.,129487,4202,131
POST0214,INF039,Twitter,2025-07-12 15:00:19,https://twitter.com/madhavivarkey/post/214,Ad numquam ipsa cum cumque harum assumenda perferendis nulla possimus ab assumenda rem ipsa animi quasi iste architecto iure maiores sed.,104974,7728,732
POST0215,INF040,YouTube,2025-06-14 21:02:30,https://youtube.com/harinigoel/post/215,Ut ducimus iste enim illum quam necessitatibus eligendi eligendi perferendis reiciendis ducimus dolorum eos ullam esse iusto sint a optio commodi maiores quam at ut esse libero.,150190,13639,797
POST0216,INF040,YouTube,2025-06-17 21:03:02,https://youtube.com/harinigoel/post/216,Consequatur maiores nostrum pariatur qui quasi laborum fugiat debitis nihil iure totam iure doloribus esse minima iste veritatis maiores tenetur eligendi temporibus ipsam laborum.,148725,10263,495
POST0217,INF040,YouTube,2025-02-22 22:50:00,https://youtube.com/harinigoel/post/217,Veniam ullam tempora facilis dolorum consectetur inventore dolorum quaerat officia ea molestias deserunt adipisci voluptatem nostrum nostrum odit vero hic optio eius hic.,77563,5147,65
POST0218,INF040,YouTube,2025-06-27 05:18:51,https://youtube.com/harinigoel/post/218,Culpa laborum consectetur rerum nemo blanditiis accusantium minus accusamus impedit quis iste eius non excepturi explicabo corrupti at ratione voluptatem ipsa id iusto repellat nemo eos.,91507,9625,357
POST0219,INF041,Twitter,2025-05-26 02:51:18,https://twitter.com/vasanakhalsa/post/219,Cupiditate nemo rem voluptates officia nihil cupiditate quod deserunt enim amet eaque temporibus illum minima ipsum.,172366,10931,309
POST0220,INF041,Twitter,2025-03-07 14:29:27,https://twitter.com/vasanakhalsa/post/220,Voluptatibus rem distinctio veritatis deserunt nostrum libero adipisci assumenda officiis voluptas facere provident porro iusto est suscipit perspiciatis id commodi.,217092,14951,1334
POST0221,INF041,Twitter,2025-02-09 21:30:32,https://twitter.com/vasanakhalsa/post/221,Dignissimos sunt itaque cumque natus in possimus atque repudiandae cumque dicta tempore quos non alias exercitationem ut doloribus neque eveniet incidunt illo.,211000,7437,583
POST0222,INF042,Twitter,2025-05-15 07:30:16,https://twitter.com/amritajhaveri/post/222,Ullam iste veritatis id eum eum enim accusamus accusantium ipsa aspernatur debitis voluptatem accusantium et amet delectus dignissimos id laborum molestiae odit.,23190,2357,215
POST0223,INF042,Twitter,2025-04-23 08:38:37,https://twitter.com/amritajhaveri/post/223,Eos beatae placeat beatae at distinctio eius dolores adipisci iusto ex fugiat commodi quas dolor doloremque doloremque non unde.,92437,11073,625
POST0224,INF042,Twitter,2025-07-03 08:34:14,https://twitter.com/amritajhaveri/post/224,Molestiae eos quasi quis modi iste atque error provident voluptatem voluptas numquam eaque facilis iure aperiam architecto magnam porro quia perferendis iste.,88290,2552,253
POST0225,INF042,Twitter,2025-06-23 16:53:29,https://twitter.com/amritajhaveri/post/225,Voluptatem dignissimos provident aspernatur quisquam quia minus iusto labore deserunt nihil accusantium atque repellat consectetur.,84173,4651,195
POST0226,INF043,Instagram,2025-03-24 23:35:30,https://instagram.com/vanyadugar/post/226,Ullam laboriosam vel modi tempora incidunt quis necessitatibus quaerat velit dignissimos occaecati voluptatibus numquam laboriosam rem.,95920,9659,786
POST0227,INF043,Instagram,2025-04-07 21:26:50,https://instagram.com/vanyadugar/post/227,Ducimus aperiam quasi nesciunt magnam commodi animi nulla repudiandae doloribus rem alias quis praesentium nobis dolore.,79293,9296,846
POST0228,INF043,Instagram,2025-07-06 23:57:23,https://instagram.com/vanyadugar/post/228,Corrupti ipsum perspiciatis modi temporibus facere mollitia velit quibusdam quos dolores fugiat suscipit molestias numquam in alias maiores ipsam explicabo sed maiores iure a commodi.,102191,7364,225
POST0229,INF043,Instagram,2025-05-04 10:30:54,https://instagram.com/vanyadugar/post/229,Nihil ipsam explicabo corporis omnis earum harum unde eos cumque sequi natus.,106926,2490,182
POST0230,INF043,Instagram,2025-01-25 19:29:30,https://instagram.com/vanyadugar/post/230,Fugiat dolor nam non necessitatibus ea ratione ipsam similique eveniet ipsa commodi eaque numquam eveniet explicabo laborum delectus ipsum rerum rerum et ratione architecto esse impedit error.,115431,5846,168
POST0231,INF044,Twitter,2025-06-26 17:31:11,https://twitter.com/aarnawable/post/231,Ad nihil totam illo magnam blanditiis itaque deleniti fugit voluptatibus consequatur aut.,155216,8950,337
POST0232,INF044,Twitter,2025-05-15 07:42:26,https://twitter.com/aarnawable/post/232,Expedita vero quibusdam est quisquam quis id culpa et quam adipisci ullam libero.,125242,7373,291
POST0233,INF044,Twitter,2025-02-04 01:21:51,https://twitter.com/aarnawable/post/233,Laborum vitae distinctio distinctio deserunt perferendis et tenetur aut sunt laboriosam ut quia neque laudantium praesentium corporis occaecati totam veniam officia consectetur totam eligendi.,75779,3015,63
POST0234,INF044,Twitter,2025-05-26 09:38:11,https://twitter.com/aarnawable/post/234,Quaerat rem eum ex ratione omnis dolore quia officiis mollitia dignissimos fugiat aut alias ipsam vitae praesentium quia a vitae sed inventore nostrum totam.,174559,14992,609
POST0235,INF044,Twitter,2025-06-12 03:10:58,https://twitter.com/aarnawable/post/235,Dolore beatae id eligendi officiis nemo provident unde illo est expedita aspernatur tempore consequuntur ducimus asperiores a.,205071,26333,2263
POST0236,INF044,Twitter,2025-06-05 15:22:53,https://twitter.com/aarnawable/post/236,Totam iusto amet sunt enim minima vitae suscipit harum officiis amet ullam sequi provident expedita iure tempora facere provident quisquam quidem sed molestias ut incidunt perspiciatis.,218944,19546,1048
POST0237,INF045,Instagram,2025-03-24 19:12:26,https://instagram.com/lilaparmar/post/237,Numquam ab veniam non facere odit harum veritatis dolorum consequuntur enim eveniet soluta dolores dolorum nemo ex rem.,17450,1316,87
POST0238,INF045,Instagram,2025-01-29 15:56:09,https://instagram.com/lilaparmar/post/238,Atque at dignissimos explicabo ut nesciunt a repellendus explicabo commodi unde veritatis aspernatur fugiat sit quasi distinctio necessitatibus rerum.,25878,2356,152
POST0239,INF045,Instagram,2025-04-18 16:01:26,https://instagram.com/lilaparmar/post/239,Nam expedita iusto quam ab illum iusto ipsum ipsam voluptatem doloribus quibusdam repellat hic qui similique dicta perspiciatis quam quia optio minus assumenda.,16216,503,12
POST0240,INF046,Twitter,2025-04-22 03:49:14,https://twitter.com/yoshitasankar/post/240,Quisquam illo aperiam assumenda sint animi expedita sint minus mollitia qui accusamus amet sequi.,79062,5344,334
POST0241,INF046,Twitter,2025-04-02 07:53:03,https://twitter.com/yoshitasankar/post/241,Ex praesentium id beatae nulla alias numquam fuga sint quidem quo sapiente alias suscipit voluptates mollitia veniam officia totam eos nemo dolor debitis quaerat.,138361,11713,807
POST0242,INF046,Twitter,2025-04-17 11:08:19,https://twitter.com/yoshitasankar/post/242,Cupiditate sint libero enim omnis laborum assumenda optio suscipit laboriosam dolor doloribus sed unde corrupti qui blanditiis tempore provident perspiciatis repellendus praesentium.,85350,7945,528
POST0243,INF046,Twitter,2025-04-16 10:46:18,https://twitter.com/yoshitasankar/post/243,Dolorem laudantium sapiente repellendus aut dicta totam quod qui dolorem itaque mollitia aut sed eos impedit veritatis eveniet.,76940,10814,1025
POST0244,INF046,Twitter,2025-06-11 07:48:35,https://twitter.com/yoshitasankar/post/244,Pariatur corrupti ullam dignissimos consectetur in impedit aliquam doloremque quisquam in adipisci minima minus beatae sapiente maxime voluptates quam enim magni necessitatibus est porro commodi ad atque error.,143804,5199,318
POST0245,INF046,Twitter,2025-05-30 08:07:30,https://twitter.com/yoshitasankar/post/245,Laboriosam totam dignissimos quis sequi nemo quidem distinctio pariatur ex reprehenderit fuga.,176034,21910,848
POST0246,INF047,Twitter,2025-06-09 12:58:45,https://twitter.com/chaitalykhalsa/post/246,Fuga in iusto ab eos numquam consequatur fugit officiis repellendus a corporis consequuntur aliquam.,55687,1696,147
POST0247,INF047,Twitter,2025-02-16 21:08:32,https://twitter.com/chaitalykhalsa/post/247,Explicabo rerum error vero tempora voluptates aut deleniti earum nisi consequatur libero suscipit eaque corrupti libero error hic molestias deserunt assumenda quidem.,69819,5712,534
POST0248,INF047,Twitter,2025-06-24 00:54:23,https://twitter.com/chaitalykhalsa/post/248,Reiciendis hic quae iste accusantium atque deserunt dicta dolorum in nesciunt cupiditate magnam praesentium ratione dolor explicabo unde commodi similique magnam.,50466,6646,213
POST0249,INF047,Twitter,2025-07-14 17:10:05,https://twitter.com/chaitalykhalsa/post/249,Repellat voluptatum doloribus blanditiis ducimus dolorum reprehenderit sapiente id sequi ullam non ipsam harum ex maxime iusto.,52701,2208,187
POST0250,INF047,Twitter,2025-02-09 10:53:42,https://twitter.com/chaitalykhalsa/post/250,Incidunt culpa perspiciatis consectetur tempora odit saepe qui est vel ab eum.,60750,2644,253
POST0251,INF047,Twitter,2025-05-23 06:38:26,https://twitter.com/chaitalykhalsa/post/251,Odio tempora autem culpa perspiciatis beatae amet facere animi pariatur velit perferendis tempore provident ratione ex pariatur voluptatum est aut sint omnis doloremque nobis nam officia.,58739,8674,624
POST0252,INF048,Instagram,2025-05-06 10:30:46,https://instagram.com/varshaamble/post/252,Voluptatibus officiis eaque culpa corrupti praesentium enim assumenda numquam nesciunt tempore odio maxime reiciendis officia consequuntur.,143565,17101,489
POST0253,INF048,Instagram,2025-05-01 08:22:35,https://instagram.com/varshaamble/post/253,Aliquid vitae iure magnam saepe expedita voluptates fugiat nulla quo enim suscipit.,53987,7657,515
POST0254,INF048,Instagram,2025-06-04 23:58:27,https://instagram.com/varshaamble/post/254,Culpa deleniti eius architecto non architecto delectus est laudantium nulla est sint laboriosam.,146169,15937,524
POST0255,INF048,Instagram,2025-06-21 06:16:15,https://instagram.com/varshaamble/post/255,Magni voluptatem velit suscipit eum in provident repudiandae occaecati inventore cumque doloremque vel.,49709,4354,55
POST0256,INF048,Instagram,2025-05-26 20:05:00,https://instagram.com/varshaamble/post/256,Quae asperiores ad eum exercitationem iusto sint rem doloribus quia voluptatem aliquid placeat maiores ullam mollitia.,261399,10997,522
POST0257,INF048,Instagram,2025-02-24 15:30:49,https://instagram.com/varshaamble/post/257,Eos quae sit neque in nulla vel numquam repudiandae tempora quibusdam quasi quam suscipit quam repudiandae aspernatur id aliquid magnam libero enim sed culpa at facilis consectetur.,162467,19163,978
POST0258,INF049,Twitter,2025-02-01 22:51:23,https://twitter.com/ojasverma/post/258,Sint vel maiores porro sint quos laboriosam reiciendis optio numquam eaque molestiae corrupti repellendus unde error temporibus natus ad corporis ratione praesentium odio.,48342,4301,71
POST0259,INF049,Twitter,2025-04-15 04:46:03,https://twitter.com/ojasverma/post/259,Mollitia provident sunt nostrum saepe reiciendis nulla voluptatum alias quia totam optio doloremque porro mollitia numquam debitis ad nisi placeat asperiores fugiat.,45166,6597,301
POST0260,INF049,Twitter,2025-03-24 23:20:53,https://twitter.com/ojasverma/post/260,Beatae adipisci aliquam autem architecto iure veniam ipsum quisquam culpa eaque corrupti eius atque dolore.,42434,2071,172
POST0261,INF050,Instagram,2025-07-08 20:05:25,https://instagram.com/balhaardave/post/261,Quisquam quas ipsa eligendi aspernatur rem quidem quasi cupiditate explicabo voluptatum asperiores aperiam occaecati occaecati harum mollitia.,1412,107,7
POST0262,INF050,Instagram,2025-04-14 18:36:44,https://instagram.com/balhaardave/post/262,Libero ratione nobis et nesciunt non nihil molestias enim repellat commodi at quod assumenda molestiae saepe tempora soluta omnis accusamus laboriosam nisi iure sapiente.,928,124,6
POST0263,INF050,Instagram,2025-07-05 09:05:48,https://instagram.com/balhaardave/post/263,Beatae dolore eveniet optio suscipit culpa assumenda laboriosam modi odio iure laudantium nostrum velit eius laudantium consectetur nostrum exercitationem eaque repellendus amet beatae in libero.,984,108,3
POST0264,INF050,Instagram,2025-02-12 01:53:25,https://instagram.com/balhaardave/post/264,Veniam id reprehenderit modi quo qui laborum molestias vero vero architecto quam architecto officiis et consectetur cum maiores omnis tempore similique dolores itaque mollitia architecto corrupti.,2328,124,1
POST0265,INF050,Instagram,2025-02-14 09:11:32,https://instagram.com/balhaardave/post/265,Nesciunt incidunt doloribus velit aliquid tenetur fuga esse fuga voluptates corrupti vero facere porro consequuntur ipsum odit voluptas vitae odio distinctio ex qui.,1788,114,10
